hs_code,parent_code,level,item_name,chapter,heading,subheading
2901,29,2,非環式炭化水素,29,2901,
290110000,290110,4,飽和のもの,29,2901,290110
290121000,290121,4,エチレン,29,2901,290121
290122000,290122,4,プロペン（プロピレン）,29,2901,290122
290123000,290123,4,ブテン（ブチレン）及びその異性体,29,2901,290123
290124,2901,3,"ブタ-1,3-ジエン及びイソプレン",29,2901,290124
290124010,290124,4,"1 ブタ-1,3-ジエン",29,2901,290124
290124020,290124,4,2 イソプレン,29,2901,290124
290129000,290129,4,その他のもの,29,2901,290129
2902,29,2,環式炭化水素,29,2902,
290211000,290211,4,シクロヘキサン,29,2902,290211
290219,2902,3,その他のもの,29,2902,290219
290219010,290219,4,1 5-エチリデン-2-ノルボルネン,29,2902,290219
290219090,290219,4,2 その他のもの,29,2902,290219
290220000,290220,4,ベンゼン,29,2902,290220
290230000,290230,4,トルエン,29,2902,290230
290241000,290241,4,オルト-キシレン,29,2902,290241
290242000,290242,4,メタ-キシレン,29,2902,290242
290243000,290243,4,パラ-キシレン,29,2902,290243
290244000,290244,4,キシレン異性体の混合物,29,2902,290244
290250000,290250,4,スチレン,29,2902,290250
290260000,290260,4,エチルベンゼン,29,2902,290260
290270000,290270,4,クメン,29,2902,290270
290290000,290290,4,その他のもの,29,2902,290290
2903,29,2,炭化水素のハロゲン化誘導体,29,2903,
290311000,290311,4,クロロメタン（塩化メチル）及びクロロエタン（塩化エチル）,29,2903,290311
290312000,290312,4,ジクロロメタン（塩化メチレン）,29,2903,290312
290313000,290313,4,クロロホルム（トリクロロメタン）,29,2903,290313
290314000,290314,4,四塩化炭素,29,2903,290314
290315000,290315,4,"二塩化エチレン（ISO）（1,2-ジクロロエタン）",29,2903,290315
290319,2903,3,その他のもの,29,2903,290319
290319010,290319,4,"－ 1,1,1-トリクロロエタン",29,2903,290319
290319090,290319,4,－ その他のもの,29,2903,290319
290321000,290321,4,塩化ビニル（クロロエチレン）,29,2903,290321
290322000,290322,4,トリクロロエチレン,29,2903,290322
290323000,290323,4,テトラクロロエチレン（ペルクロロエチレン）,29,2903,290323
290329000,290329,4,その他のもの,29,2903,290329
290341000,290341,4,トリフルオロメタン（HFC-23）,29,2903,290341
290342000,290342,4,ジフルオロメタン（HFC-32）,29,2903,290342
290343,2903,3,"フルオロメタン（HFC-41）、1,2-ジフルオロエタン（HFC-152）及び1,1-ジフルオロエタン（HFC-152a）",29,2903,290343
290343010,290343,4,－ フルオロメタン（HFC-41）,29,2903,290343
290343020,290343,4,"－ 1,2-ジフルオロエタン（HFC-152）",29,2903,290343
290343031,290343,4,－－ 噴霧器に充填したもの,29,2903,290343
290343039,290343,4,－－ その他のもの,29,2903,290343
290344,2903,3,"ペンタフルオロエタン（HFC-125）、1,1,1-トリフルオロエタン（HFC-143a）及び1,1,2-トリフルオロエタン（HFC-143）",29,2903,290344
290344010,290344,4,－ ペンタフルオロエタン（HFC-125）,29,2903,290344
290344020,290344,4,"－ 1,1,1-トリフルオロエタン（HFC-143a）",29,2903,290344
290344030,290344,4,"－ 1,1,2-トリフルオロエタン（HFC-143）",29,2903,290344
290345,2903,3,"1,1,1,2-テトラフルオロエタン（HFC-134a）及び1,1,2,2-テトラフルオロエタン（HFC-134）",29,2903,290345
290345011,290345,4,－－ 噴霧器に充填したもの,29,2903,290345
290345019,290345,4,－－ その他のもの,29,2903,290345
290345020,290345,4,"－ 1,1,2,2-テトラフルオロエタン（HFC-134）",29,2903,290345
290346,2903,3,"1,1,1,2,3,3,3-ヘプタフルオロプロパン（HFC-227ea）、1,1,1,2,2,3-ヘキサフルオロプロパン（HFC-236cb）、1,1,1,2,3,3-ヘキサフルオロプロパン（HFC-236ea）及び1,1,1,3,3,3-ヘキサフルオロプロパン（HFC-236fa）",29,2903,290346
290346010,290346,4,"－ 1,1,1,2,3,3,3-ヘプタフルオロプロパン（HFC-227ea）",29,2903,290346
290346020,290346,4,"－ 1,1,1,2,2,3-ヘキサフルオロプロパン（HFC-236cb）",29,2903,290346
290346030,290346,4,"－ 1,1,1,2,3,3-ヘキサフルオロプロパン（HFC-236ea）",29,2903,290346
290346040,290346,4,"－ 1,1,1,3,3,3-ヘキサフルオロプロパン（HFC-236fa）",29,2903,290346
290347,2903,3,"1,1,1,3,3-ペンタフルオロプロパン（HFC-245fa）及び1,1,2,2,3-ペンタフルオロプロパン（HFC-245ca）",29,2903,290347
290347010,290347,4,"－ 1,1,1,3,3-ペンタフルオロプロパン（HFC-245fa）",29,2903,290347
290347020,290347,4,"－ 1,1,2,2,3-ペンタフルオロプロパン（HFC-245ca）",29,2903,290347
290348,2903,3,"1,1,1,3,3-ペンタフルオロブタン（HFC-365mfc）及び1,1,1,2,2,3,4,5,5,5-デカフルオロペンタン（HFC-43-10mee）",29,2903,290348
290348010,290348,4,"－ 1,1,1,3,3-ペンタフルオロブタン（HFC-365mfc）",29,2903,290348
290348020,290348,4,"－ 1,1,1,2,2,3,4,5,5,5-デカフルオロペンタン（HFC-43-10mee）",29,2903,290348
290349,2903,3,その他のもの,29,2903,290349
290349010,290349,4,－ ペルフルオロメタン（PFC-14）,29,2903,290349
290349020,290349,4,－ ペルフルオロエタン（PFC-116）,29,2903,290349
290349030,290349,4,－ ペルフルオロプロパン（PFC-218）（※）,29,2903,290349
290349040,290349,4,－ ペルフルオロヘキサン（PFC-51-14）（※）,29,2903,290349
290349090,290349,4,－ その他のもの,29,2903,290349
290351,2903,3,"2,3,3,3-テトラフルオロプロペン（HFO-1234yf）、1,3,3,3-テトラフルオロプロペン（HFO-1234ze）及び（Z）-1,1,1,4,4,4-ヘキサフルオロ-2-ブテン（HFO-1336mzz）",29,2903,290351
290351010,290351,4,"－ 2,3,3,3-テトラフルオロプロペン（HFO-1234yf）",29,2903,290351
290351020,290351,4,"－ 1,3,3,3-テトラフルオロプロペン（HFO-1234ze）",29,2903,290351
290351030,290351,4,"－ （Z）-1,1,1,4,4,4-ヘキサフルオロ-2-ブテン（HFO-1336mzz）",29,2903,290351
290359000,290359,4,その他のもの,29,2903,290359
290361000,290361,4,臭化メチル（ブロモメタン）,29,2903,290361
290362000,290362,4,"二臭化エチレン（ISO）（1,2-ジブロモエタン）",29,2903,290362
290369,2903,3,その他のもの,29,2903,290369
290369010,290369,4,－ 臭素化誘導体,29,2903,290369
290369020,290369,4,－ よう素化誘導体,29,2903,290369
290371000,290371,4,クロロジフルオロメタン（HCFC-22）,29,2903,290371
290372000,290372,4,ジクロロトリフルオロエタン（HCFC-123）,29,2903,290372
290373,2903,3,ジクロロフルオロエタン（HCFC-141、141b）,29,2903,290373
290373010,290373,4,"－ 1,1-ジクロロ-1-フルオロエタン（HCFC-141b）",29,2903,290373
290373090,290373,4,－ その他のもの,29,2903,290373
290374,2903,3,クロロジフルオロエタン（HCFC-142、142b）,29,2903,290374
290374010,290374,4,"－ 1-クロロ-1,1-ジフルオロエタン（HCFC-142b）",29,2903,290374
290374090,290374,4,－ その他のもの,29,2903,290374
290375000,290375,4,ジクロロペンタフルオロプロパン（HCFC-225、225ca、225cb）,29,2903,290375
290376,2903,3,ブロモクロロジフルオロメタン（ハロン-1211）、ブロモトリフルオロメタン（ハロン-1301）及びジブロモテトラフルオロエタン（ハロン-2402）,29,2903,290376
290376010,290376,4,－ ブロモクロロジフルオロメタン（ハロン-1211）,29,2903,290376
290376020,290376,4,－ ブロモトリフルオロメタン（ハロン-1301）,29,2903,290376
290376030,290376,4,－ ジブロモテトラフルオロエタン（ハロン-2402）,29,2903,290376
290377,2903,3,その他のペルハロゲン化誘導体（ふつ素原子及び塩素原子のみを有するものに限る。）,29,2903,290377
290377010,290377,4,－ トリクロロフルオロメタン（CFC-11）,29,2903,290377
290377020,290377,4,－ ジクロロジフルオロメタン（CFC-12）,29,2903,290377
290377030,290377,4,－ クロロトリフルオロメタン（CFC-13）,29,2903,290377
290377040,290377,4,－ ペンタクロロフルオロエタン（CFC-111）,29,2903,290377
290377050,290377,4,－ テトラクロロジフルオロエタン（CFC-112）,29,2903,290377
290377060,290377,4,－ トリクロロトリフルオロエタン（CFC-113）,29,2903,290377
290377070,290377,4,－ ジクロロテトラフルオロエタン（CFC-114）（※）,29,2903,290377
290377080,290377,4,－ クロロペンタフルオロエタン（CFC-115）,29,2903,290377
290377100,290377,4,－ ヘプタクロロフルオロプロパン（CFC-211）,29,2903,290377
290377110,290377,4,－ ヘキサクロロジフルオロプロパン（CFC-212）,29,2903,290377
290377120,290377,4,－ ペンタクロロトリフルオロプロパン（CFC-213）,29,2903,290377
290377130,290377,4,－ テトラクロロテトラフルオロプロパン（CFC-214）,29,2903,290377
290377140,290377,4,－ トリクロロペンタフルオロプロパン（CFC-215）,29,2903,290377
290377150,290377,4,－ ジクロロヘキサフルオロプロパン（CFC-216）,29,2903,290377
290377160,290377,4,－ クロロヘプタフルオロプロパン（CFC-217）,29,2903,290377
290377990,290377,4,－ その他のもの,29,2903,290377
290378000,290378,4,その他のペルハロゲン化誘導体,29,2903,290378
290379,2903,3,その他のもの,29,2903,290379
290379100,290379,4,－ ブロモクロロメタン,29,2903,290379
290379210,290379,4,－－ ジクロロフルオロメタン（HCFC-21),29,2903,290379
290379220,290379,4,－－ クロロテトラフルオロエタン（HCFC-124),29,2903,290379
290379290,290379,4,－－ その他のもの,29,2903,290379
290379910,290379,4,－－ その他のハロゲン化誘導体 （メタン、エタン又はプロパンをふつ素及び臭素を用いてハロゲン化したものに限る。）,29,2903,290379
290379990,290379,4,－－ その他のもの,29,2903,290379
290381000,290381,4,"1,2,3,4,5,6-ヘキサクロロシクロヘキサン（HCH（ISO））（リンデン（ISO、INN）を含む。）",29,2903,290381
290382,2903,3,アルドリン（ISO）、クロルデン（ISO）及びヘプタクロル（ISO）,29,2903,290382
290382100,290382,4,1 クロルデン,29,2903,290382
290382200,290382,4,2 アルドリン及びヘプタクロル,29,2903,290382
290383000,290383,4,マイレックス（ISO）,29,2903,290383
290389,2903,3,その他のもの,29,2903,290389
290389020,290389,4,－ジブロモエチルジブロモシクロヘキサン及びテトラブロモシクロオクタン,29,2903,290389
290389030,290389,4,－ヘキサブロモシクロドデカン（HBCD）,29,2903,290389
290389091,290389,4,－－ ペルフルオロシクロブタン（PFC-c318),29,2903,290389
290389099,290389,4,－－ その他のもの,29,2903,290389
290391000,290391,4,クロロベンゼン、オルト-ジクロロベンゼン及びパラ-ジクロロベンゼン,29,2903,290391
290392000,290392,4,"ヘキサクロロベンゼン（ISO）及びDDT（ISO）（クロフェノタン（INN）、1,1,1-トリクロロ-2,2-ビス(パラ-クロロフェニル)エタン）",29,2903,290392
290393000,290393,4,ペンタクロロベンゼン（ISO）,29,2903,290393
290394000,290394,4,ヘキサブロモビフェニル,29,2903,290394
290399,2903,3,その他のもの,29,2903,290399
290399100,290399,4,－ ペンタブロモエチルベンゼン及びデカブロモジフェニルエタン,29,2903,290399
290399900,290399,4,－ その他のもの,29,2903,290399
2904,29,2,炭化水素のスルホン化誘導体、ニトロ化誘導体及びニトロソ化誘導体（ハロゲン化してあるかないかを問わない。）,29,2904,
290410000,290410,4,スルホン基のみを有する誘導体並びにその塩及びエチルエステル,29,2904,290410
290420,2904,3,ニトロ基又はニトロソ基のみを有する誘導体,29,2904,290420
290420100,290420,4,1 ニトロメタン,29,2904,290420
290420200,290420,4,2 その他のもの,29,2904,290420
290431000,290431,4,ペルフルオロオクタンスルホン酸,29,2904,290431
290432000,290432,4,ペルフルオロオクタンスルホン酸アンモニウム,29,2904,290432
290433000,290433,4,ペルフルオロオクタンスルホン酸リチウム,29,2904,290433
290434000,290434,4,ペルフルオロオクタンスルホン酸カリウム,29,2904,290434
290435000,290435,4,その他のペルフルオロオクタンスルホン酸塩,29,2904,290435
290436000,290436,4,ペルフルオロオクタンスルホニルフルオリド,29,2904,290436
290491000,290491,4,トリクロロニトロメタン（クロロピクリン）,29,2904,290491
290499,2904,3,その他のもの,29,2904,290499
290499100,290499,4,1 パラ-ニトロクロロベンゼン,29,2904,290499
290499900,290499,4,2 その他のもの,29,2904,290499
2905,29,2,非環式アルコール並びにそのハロゲン化誘導体、スルホン化誘導体、ニトロ化誘導体及びニトロソ化誘導体,29,2905,
290511000,290511,4,メタノール（メチルアルコール）,29,2905,290511
290512000,290512,4,プロパン-1-オール（プロピルアルコール）及びプロパン-2-オール（イソプロピルアルコール）,29,2905,290512
290513000,290513,4,ブタン-1-オール（ノルマル-ブチルアルコール）,29,2905,290513
290514000,290514,4,その他のブタノール,29,2905,290514
290516,2905,3,オクタノール（オクチルアルコール）及びその異性体,29,2905,290516
290516100,290516,4,1 2-エチルヘキシルアルコール（2-エチルヘキサン-1-オール）,29,2905,290516
290516200,290516,4,2 その他のもの,29,2905,290516
290517000,290517,4,ドデカン-1-オール（ラウリルアルコール）、ヘキサデカン-1-オール（セチルアルコール）及びオクタデカン-1-オール（ステアリルアルコール）,29,2905,290517
290519000,290519,4,その他のもの,29,2905,290519
290522000,290522,4,非環式テルペンアルコール,29,2905,290522
290529000,290529,4,その他のもの,29,2905,290529
290531000,290531,4,エチレングリコール（エタンジオール）,29,2905,290531
290532000,290532,4,"プロピレングリコール（プロパン-1,2-ジオール）",29,2905,290532
290539,2905,3,その他のもの,29,2905,290539
290539100,290539,4,"1 1,6－ヘキサンジオール",29,2905,290539
290539900,290539,4,2 その他のもの,29,2905,290539
290541000,290541,4,"2-エチル-2-（ヒドロキシメチル）プロパン-1,3-ジオール（トリメチロールプロパン）",29,2905,290541
290542000,290542,4,ペンタエリトリトール,29,2905,290542
290543000,290543,4,マンニトール,29,2905,290543
290544000,290544,4,D-グルシトール（ソルビトール）,29,2905,290544
290545000,290545,4,グリセリン,29,2905,290545
290549000,290549,4,その他のもの,29,2905,290549
290551000,290551,4,エトクロルビノール（INN）（※）,29,2905,290551
290559,2905,3,その他のもの,29,2905,290559
290559010,290559,4,"－ ジブロモネオペンチルグリコール（2,2-ジブロモメチル-1,3-プロパン-ジオール）",29,2905,290559
290559090,290559,4,－ その他のもの,29,2905,290559
2906,29,2,環式アルコール並びにそのハロゲン化誘導体、スルホン化誘導体、ニトロ化誘導体及びニトロソ化誘導体,29,2906,
290611000,290611,4,メントール,29,2906,290611
290612000,290612,4,シクロヘキサノール、メチルシクロヘキサノール及びジメチルシクロヘキサノール,29,2906,290612
290613000,290613,4,ステロール及びイノシトール,29,2906,290613
290619,2906,3,その他のもの,29,2906,290619
290619100,290619,4,1 ボルネオール及びテルピネオール,29,2906,290619
290619200,290619,4,"2 1,4-シクロヘキサンジメタノール",29,2906,290619
290619900,290619,4,3 その他のもの,29,2906,290619
290621000,290621,4,ベンジルアルコール,29,2906,290621
290629000,290629,4,その他のもの,29,2906,290629
2907,29,2,フェノール及びフェノールアルコール,29,2907,
290711000,290711,4,石炭酸（ヒドロキシベンゼン）及びその塩,29,2907,290711
290712000,290712,4,クレゾール及びその塩,29,2907,290712
290713000,290713,4,オクチルフェノール及びノニルフェノール並びにこれらの異性体並びにこれらの塩,29,2907,290713
290715000,290715,4,ナフトール及びその塩,29,2907,290715
290719,2907,3,その他のもの,29,2907,290719
290719100,290719,4,1 キシレノール及びその塩,29,2907,290719
290719911,290719,4,A パラ-ターシャリ-ブチルフェノール,29,2907,290719
290719919,290719,4,B その他のもの,29,2907,290719
290719990,290719,4,(2)その他のもの,29,2907,290719
290721000,290721,4,レソルシノール及びその塩,29,2907,290721
290722000,290722,4,ヒドロキノン（キノール）及びその塩,29,2907,290722
290723000,290723,4,"4,4'-イソプロピリデンジフェノール（ビスフェノールA又はジフェニロールプロパン）及びその塩",29,2907,290723
290729000,290729,4,その他のもの,29,2907,290729
2908,29,2,フェノール又はフェノールアルコールのハロゲン化誘導体、スルホン化誘導体、ニトロ化誘導体及びニトロソ化誘導体,29,2908,
290811000,290811,4,ペンタクロロフェノール（ISO）,29,2908,290811
290819,2908,3,その他のもの,29,2908,290819
290819100,290819,4,1 臭素化誘導体,29,2908,290819
290819900,290819,4,2 その他のもの,29,2908,290819
290891000,290891,4,ジノセブ（ISO）及びその塩,29,2908,290891
290892000,290892,4,"4,6-ジニトロ-オルト-クレゾール（DNOC（ISO））及びその塩",29,2908,290892
290899000,290899,4,その他のもの,29,2908,290899
2909,29,2,エーテル、エーテルアルコール、エーテルフェノール、エーテルアルコールフェノール、アルコールペルオキシド、エーテルペルオキシド、アセタールペルオキシド、ヘミアセタールペルオキシド及びケトンペルオキシド（化学的に単一であるかないかを問わない。）並びにこれらのハロゲン化誘導体、スルホン化誘導体、ニトロ化誘導体及びニトロソ化誘導体,29,2909,
290911000,290911,4,ジエチルエーテル,29,2909,290911
290919,2909,3,その他のもの,29,2909,290919
290919010,290919,4,－ エチル-ターシャリ-ブチルエーテルのうちバイオマス（動植物に由来する有機物（原油、石油ガス、可燃性天然ガス及び石炭並びにこれらから製造される製品を除く。）をいう。）から製造したエチルアルコール（エタノール）を原料として製造したものである旨が関税暫定措置法施行令で定めるところにより証明されたもの,29,2909,290919
290919091,290919,4,－－ 飽和非環式エーテルのふつ素化誘導体,29,2909,290919
290919099,290919,4,－－ その他のもの,29,2909,290919
290920000,290920,4,飽和脂環式エーテル、不飽和脂環式エーテル及びシクロテルペンエーテル並びにこれらのハロゲン化誘導体、スルホン化誘導体、ニトロ化誘導体及びニトロソ化誘導体,29,2909,290920
290930,2909,3,芳香族エーテル並びにそのハロゲン化誘導体、スルホン化誘導体、ニトロ化誘導体及びニトロソ化誘導体,29,2909,290930
290930120,290930,4,－ デカブロモジフェニルエーテル,29,2909,290930
290930190,290930,4,－ その他のもの,29,2909,290930
290930200,290930,4,2 その他のもの,29,2909,290930
290941000,290941,4,"2,2'-オキシジエタノール（ジエチレングリコール又はジゴール）",29,2909,290941
290943000,290943,4,エチレングリコール又はジエチレングリコールのモノブチルエーテル,29,2909,290943
290944000,290944,4,エチレングリコール又はジエチレングリコールのその他のモノアルキルエーテル,29,2909,290944
290949,2909,3,その他のもの,29,2909,290949
290949010,290949,4,－ トリエチレングリコール,29,2909,290949
290949090,290949,4,－ その他のもの,29,2909,290949
290950000,290950,4,エーテルフェノール及びエーテルアルコールフェノール並びにこれらのハロゲン化誘導体、スルホン化誘導体、ニトロ化誘導体及びニトロソ化誘導体,29,2909,290950
290960,2909,3,アルコールペルオキシド、エーテルペルオキシド、アセタールペルオキシド、ヘミアセタールペルオキシド及びケトンペルオキシド並びにこれらのハロゲン化誘導体、スルホン化誘導体、ニトロ化誘導体及びニトロソ化誘導体,29,2909,290960
290960010,290960,4,－ アセタールペルオキシド及びヘミアセタールペルオキシド並びにこれらのハロゲン化誘導体、スルホン化誘導体、ニトロ化誘導体及びニトロソ化誘導体,29,2909,290960
290960090,290960,4,－ その他のもの,29,2909,290960
2910,29,2,三員環のエポキシド、エポキシアルコール、エポキシフェノール及びエポキシエーテル並びにこれらのハロゲン化誘導体、スルホン化誘導体、ニトロ化誘導体及びニトロソ化誘導体,29,2910,
291010000,291010,4,オキシラン（エチレンオキシド）,29,2910,291010
291020000,291020,4,メチルオキシラン（プロピレンオキシド）,29,2910,291020
291030000,291030,4,"1-クロロ-2,3-エポキシプロパン（エピクロロヒドリン）",29,2910,291030
291040000,291040,4,ディルドリン（ISO、INN）,29,2910,291040
291050000,291050,4,エンドリン（ISO）,29,2910,291050
291090,2910,3,その他のもの,29,2910,291090
291090030,291090,4,"1 1,2-エポキシブタン（1,2-ブチレンオキシド）",29,2910,291090
291090090,291090,4,2 その他のもの,29,2910,291090
2911,29,2,,29,2911,
291100000,291100,4,アセタール及びヘミアセタール（他の酸素官能基を有するか有しないかを問わない。）並びにこれらのハロゲン化誘導体、スルホン化誘導体、ニトロ化誘導体及びニトロソ化誘導体,29,2911,291100
2912,29,2,アルデヒド（他の酸素官能基を有するか有しないかを問わない。）、アルデヒドの環式重合体及びパラホルムアルデヒド,29,2912,
291211000,291211,4,メタナール（ホルムアルデヒド）,29,2912,291211
291212000,291212,4,エタナール（アセトアルデヒド）,29,2912,291212
291219000,291219,4,その他のもの,29,2912,291219
291221000,291221,4,ベンズアルデヒド,29,2912,291221
291229000,291229,4,その他のもの,29,2912,291229
291241000,291241,4,バニリン（4-ヒドロキシ-3-メトキシベンズアルデヒド）,29,2912,291241
291242000,291242,4,エチルバニリン（3-エトキシ-4-ヒドロキシベンズアルデヒド）,29,2912,291242
291249,2912,3,その他のもの,29,2912,291249
291249100,291249,4,1 アルデヒドアルコール,29,2912,291249
291249900,291249,4,2 その他のもの,29,2912,291249
291250000,291250,4,アルデヒドの環式重合体,29,2912,291250
291260000,291260,4,パラホルムアルデヒド,29,2912,291260
2913,29,2,,29,2913,
291300000,291300,4,第29.12項の物品のハロゲン化誘導体、スルホン化誘導体、ニトロ化誘導体及びニトロソ化誘導体,29,2913,291300
2914,29,2,ケトン及びキノン（他の酸素官能基を有するか有しないかを問わない。）並びにこれらのハロゲン化誘導体、スルホン化誘導体、ニトロ化誘導体及びニトロソ化誘導体,29,2914,
291411000,291411,4,アセトン,29,2914,291411
291412000,291412,4,ブタノン（メチルエチルケトン）,29,2914,291412
291413000,291413,4,4-メチルペンタン-2-オン（メチルイソブチルケトン）,29,2914,291413
291419000,291419,4,その他のもの,29,2914,291419
291422000,291422,4,シクロヘキサノン及びメチルシクロヘキサノン,29,2914,291422
291423000,291423,4,イオノン及びメチルイオノン,29,2914,291423
291429,2914,3,その他のもの,29,2914,291429
291429011,291429,4,(1)融点が175度未満のもの,29,2914,291429
291429019,291429,4,(2)その他のもの,29,2914,291429
291429090,291429,4,2 その他のもの,29,2914,291429
291431000,291431,4,フェニルアセトン（フェニルプロパン-2-オン）,29,2914,291431
291439000,291439,4,その他のもの,29,2914,291439
291440000,291440,4,ケトンアルコール及びケトンアルデヒド,29,2914,291440
291450000,291450,4,ケトンフェノール及び他の酸素官能基を有するケトン,29,2914,291450
291461000,291461,4,アントラキノン,29,2914,291461
291462000,291462,4,コエンザイムQ10（ユビデカレノン（INN））（※）,29,2914,291462
291469000,291469,4,その他のもの,29,2914,291469
291471000,291471,4,クロルデコン（ISO）,29,2914,291471
291479000,291479,4,その他のもの,29,2914,291479
2915,29,2,飽和非環式モノカルボン酸並びにその酸無水物、酸ハロゲン化物、酸過酸化物及び過酸並びにこれらのハロゲン化誘導体、スルホン化誘導体、ニトロ化誘導体及びニトロソ化誘導体,29,2915,
291511000,291511,4,ぎ酸,29,2915,291511
291512000,291512,4,ぎ酸の塩,29,2915,291512
291513000,291513,4,ぎ酸のエステル,29,2915,291513
291521000,291521,4,酢酸,29,2915,291521
291524000,291524,4,無水酢酸,29,2915,291524
291529,2915,3,その他のもの,29,2915,291529
291529010,291529,4,－ 酢酸ナトリウム,29,2915,291529
291529090,291529,4,－ その他のもの,29,2915,291529
291531000,291531,4,酢酸エチル,29,2915,291531
291532000,291532,4,酢酸ビニル,29,2915,291532
291533000,291533,4,酢酸ノルマル-ブチル,29,2915,291533
291536000,291536,4,酢酸ジノセブ（ISO）,29,2915,291536
291539,2915,3,その他のもの,29,2915,291539
291539100,291539,4,1 酢酸イソブチル,29,2915,291539
291539910,291539,4,－ 酢酸-2-エトキシエチル,29,2915,291539
291539990,291539,4,－ その他のもの,29,2915,291539
291540000,291540,4,モノクロロ酢酸、ジクロロ酢酸及びトリクロロ酢酸並びにこれらの塩及びエステル,29,2915,291540
291550000,291550,4,プロピオン酸並びにその塩及びエステル,29,2915,291550
291560000,291560,4,ブタン酸及びペンタン酸並びにこれらの塩及びエステル,29,2915,291560
291570,2915,3,パルミチン酸及びステアリン酸並びにこれらの塩及びエステル,29,2915,291570
291570010,291570,4,1 ステアリン酸,29,2915,291570
291570020,291570,4,2 その他のもの,29,2915,291570
291590,2915,3,その他のもの,29,2915,291590
291590011,291590,4,－ カプリン酸、ラウリン酸及びミリスチン酸,29,2915,291590
291590019,291590,4,－ その他のもの,29,2915,291590
291590091,291590,4,－ ペルフルオロオクタン酸及びその塩,29,2915,291590
291590099,291590,4,－ その他のもの,29,2915,291590
2916,29,2,不飽和非環式モノカルボン酸及び環式モノカルボン酸並びにこれらの酸無水物、酸ハロゲン化物、酸過酸化物及び過酸並びにこれらのハロゲン化誘導体、スルホン化誘導体、ニトロ化誘導体及びニトロソ化誘導体,29,2916,
291611000,291611,4,アクリル酸及びその塩,29,2916,291611
291612000,291612,4,アクリル酸のエステル,29,2916,291612
291613000,291613,4,メタクリル酸及びその塩,29,2916,291613
291614000,291614,4,メタクリル酸のエステル,29,2916,291614
291615000,291615,4,オレイン酸、リノール酸及びリノレン酸並びにこれらの塩及びエステル,29,2916,291615
291616000,291616,4,ビナパクリル（ISO),29,2916,291616
291619000,291619,4,その他のもの,29,2916,291619
291620000,291620,4,飽和脂環式モノカルボン酸、不飽和脂環式モノカルボン酸及びシクロテルペンモノカルボン酸並びにこれらの酸無水物、酸ハロゲン化物、酸過酸化物及び過酸並びにこれらの誘導体,29,2916,291620
291631000,291631,4,安息香酸並びにその塩及びエステル,29,2916,291631
291632000,291632,4,過酸化ベンゾイル及び塩化ベンゾイル,29,2916,291632
291634000,291634,4,フェニル酢酸及びその塩,29,2916,291634
291639,2916,3,その他のもの,29,2916,291639
291639010,291639,4,－ フェニル酢酸のエステル,29,2916,291639
291639090,291639,4,－ その他のもの,29,2916,291639
2917,29,2,ポリカルボン酸並びにその酸無水物、酸ハロゲン化物、酸過酸化物及び過酸並びにこれらのハロゲン化誘導体、スルホン化誘導体、ニトロ化誘導体及びニトロソ化誘導体,29,2917,
291711000,291711,4,しゆう酸並びにその塩及びエステル,29,2917,291711
291712,2917,3,アジピン酸並びにその塩及びエステル,29,2917,291712
291712010,291712,4,－ アジピン酸,29,2917,291712
291712090,291712,4,－ その他のもの,29,2917,291712
291713000,291713,4,アゼライン酸及びセバシン酸並びにこれらの塩及びエステル,29,2917,291713
291714000,291714,4,無水マレイン酸,29,2917,291714
291719000,291719,4,その他のもの,29,2917,291719
291720000,291720,4,飽和脂環式ポリカルボン酸、不飽和脂環式ポリカルボン酸及びシクロテルペンポリカルボン酸並びにこれらの酸無水物、酸ハロゲン化物、酸過酸化物及び過酸並びにこれらの誘導体,29,2917,291720
291732000,291732,4,オルトフタル酸ジオクチル,29,2917,291732
291733000,291733,4,オルトフタル酸ジノニル及びオルトフタル酸ジデシル,29,2917,291733
291734,2917,3,その他のオルトフタル酸エステル,29,2917,291734
291734010,291734,4,－ オルトフタル酸ジブチル,29,2917,291734
291734090,291734,4,－ その他のもの,29,2917,291734
291735000,291735,4,無水フタル酸,29,2917,291735
291736000,291736,4,テレフタル酸及びその塩,29,2917,291736
291737000,291737,4,テレフタル酸ジメチル,29,2917,291737
291739,2917,3,その他のもの,29,2917,291739
291739030,291739,4,"1 2,6-ナフタレンジカルボン酸ジメチルエステル",29,2917,291739
291739020,291739,4,－ テトラブロモ無水フタル酸,29,2917,291739
291739010,291739,4,－－ フタル酸及びイソフタル酸,29,2917,291739
291739090,291739,4,－－ その他のもの,29,2917,291739
2918,29,2,カルボン酸（他の酸素官能基を有するものに限る。）並びにその酸無水物、酸ハロゲン化物、酸過酸化物及び過酸並びにこれらのハロゲン化誘導体、スルホン化誘導体、ニトロ化誘導体及びニトロソ化誘導体,29,2918,
291811000,291811,4,乳酸並びにその塩及びエステル,29,2918,291811
291812000,291812,4,酒石酸,29,2918,291812
291813000,291813,4,酒石酸の塩及びエステル,29,2918,291813
291814000,291814,4,くえん酸,29,2918,291814
291815,2918,3,くえん酸の塩及びエステル,29,2918,291815
291815010,291815,4,1 くえん酸カルシウム,29,2918,291815
291815090,291815,4,2 その他のもの,29,2918,291815
291816000,291816,4,グルコン酸並びにその塩及びエステル,29,2918,291816
291817000,291817,4,"2,2-ジフェニル-2-ヒドロキシ酢酸（ベンジル酸）",29,2918,291817
291818000,291818,4,クロロベンジレート（ISO）,29,2918,291818
291819,2918,3,その他のもの,29,2918,291819
291819010,291819,4,1 コール酸,29,2918,291819
291819090,291819,4,2 その他のもの,29,2918,291819
291821000,291821,4,サリチル酸及びその塩,29,2918,291821
291822000,291822,4,オルト-アセチルサリチル酸並びにその塩及びエステル,29,2918,291822
291823000,291823,4,サリチル酸のその他のエステル及びその塩,29,2918,291823
291829000,291829,4,その他のもの,29,2918,291829
291830,2918,3,アルデヒド官能又はケトン官能のカルボン酸（他の酸素官能基を有するものを除く。）並びにその酸無水物、酸ハロゲン化物、酸過酸化物及び過酸並びにこれらの誘導体,29,2918,291830
291830100,291830,4,"1 デヒドロコール酸（3,7,12-トリケトコール酸）",29,2918,291830
291830200,291830,4,2 その他のもの,29,2918,291830
291891000,291891,4,"2,4,5-T（ISO）（2,4,5-トリクロロフェノキシ酢酸）並びにその塩及びエステル",29,2918,291891
291899000,291899,4,その他のもの,29,2918,291899
2919,29,2,りん酸エステル及びその塩（ラクトホスフェートを含む。）並びにこれらのハロゲン化誘導体、スルホン化誘導体、ニトロ化誘導体及びニトロソ化誘導体,29,2919,
291910000,291910,4,"トリス（2,3-ジブロモプロピル）ホスフェート",29,2919,291910
291990,2919,3,その他のもの,29,2919,291990
291990100,291990,4,－ トリス（クロロプロピル）ホスフェート,29,2919,291990
291990900,291990,4,－ その他のもの,29,2919,291990
2920,29,2,非金属のその他の無機酸のエステル（ハロゲン化水素酸エステルを除く。）及びその塩並びにこれらのハロゲン化誘導体、スルホン化誘導体、ニトロ化誘導体及びニトロソ化誘導体,29,2920,
292011000,292011,4,パラチオン（ISO）及びパラチオンメチル（ISO）（メチルパラチオン）,29,2920,292011
292019000,292019,4,その他のもの,29,2920,292019
292021000,292021,4,亜りん酸ジメチル,29,2920,292021
292022000,292022,4,亜りん酸ジエチル,29,2920,292022
292023000,292023,4,亜りん酸トリメチル,29,2920,292023
292024000,292024,4,亜りん酸トリエチル,29,2920,292024
292029000,292029,4,その他のもの,29,2920,292029
292030000,292030,4,エンドスルファン（ISO）,29,2920,292030
292090,2920,3,その他のもの,29,2920,292090
292090011,292090,4,(1) 炭酸ビニレン、炭酸フルオロエチレン、炭酸エチルメチル、炭酸プロピレン及び炭酸ジエチル,29,2920,292090
292090019,292090,4,(2) その他のもの,29,2920,292090
292090090,292090,4,2 その他のもの,29,2920,292090
2921,29,2,アミン官能化合物,29,2921,
292111000,292111,4,メチルアミン、ジメチルアミン及びトリメチルアミン並びにこれらの塩,29,2921,292111
292112000,292112,4,"2-（N,N-ジメチルアミノ）エチルクロリド塩酸塩",29,2921,292112
292113000,292113,4,"2-（N,N-ジエチルアミノ）エチルクロリド塩酸塩",29,2921,292113
292114000,292114,4,"2-（N,N-ジイソプロピルアミノ）エチルクロリド塩酸塩",29,2921,292114
292119000,292119,4,その他のもの,29,2921,292119
292121000,292121,4,エチレンジアミン及びその塩,29,2921,292121
292122000,292122,4,ヘキサメチレンジアミン及びその塩,29,2921,292122
292129000,292129,4,その他のもの,29,2921,292129
292130000,292130,4,飽和脂環式モノアミン、不飽和脂環式モノアミン、シクロテルペンモノアミン、飽和脂環式ポリアミン、不飽和脂環式ポリアミン及びシクロテルペンポリアミン並びにこれらの誘導体並びにこれらの塩,29,2921,292130
292141,2921,3,アニリン及びその塩,29,2921,292141
292141010,292141,4,1 アニリン,29,2921,292141
292141020,292141,4,2 アニリンの塩,29,2921,292141
292142000,292142,4,アニリン誘導体及びその塩,29,2921,292142
292143000,292143,4,トルイジン及びその誘導体並びにこれらの塩,29,2921,292143
292144000,292144,4,ジフェニルアミン及びその誘導体並びにこれらの塩,29,2921,292144
292145000,292145,4,1-ナフチルアミン（アルファ-ナフチルアミン）及び2-ナフチルアミン（ベータ-ナフチルアミン）並びにこれらの誘導体並びにこれらの塩,29,2921,292145
292146000,292146,4,アンフェタミン（INN）、ベンツフェタミン（INN）、デキサンフェタミン（INN）、エチランフェタミン（INN）、フェンカンファミン（INN）、レフェタミン（INN）、レバンフェタミン（INN）、メフェノレクス（INN）及びフェンテルミン（INN）並びにこれらの塩,29,2921,292146
292149000,292149,4,その他のもの,29,2921,292149
292151,2921,3,オルト-フェニレンジアミン、メタ-フェニレンジアミン、パラ-フェニレンジアミン及びジアミノトルエン並びにこれらの誘導体並びにこれらの塩,29,2921,292151
292151100,292151,4,1 メタ-フェニレンジアミン,29,2921,292151
292151900,292151,4,2 その他のもの,29,2921,292151
292159000,292159,4,その他のもの,29,2921,292159
2922,29,2,酸素官能のアミノ化合物,29,2922,
292211000,292211,4,モノエタノールアミン及びその塩,29,2922,292211
292212000,292212,4,ジエタノールアミン及びその塩,29,2922,292212
292214000,292214,4,デキストロプロポキシフェン（INN）及びその塩,29,2922,292214
292215000,292215,4,トリエタノールアミン,29,2922,292215
292216000,292216,4,ペルフルオロオクタンスルホン酸ジエタノールアンモニウム,29,2922,292216
292217,2922,3,メチルジエタノールアミン及びエチルジエタノールアミン,29,2922,292217
292217010,292217,4,－ メチルジエタノールアミン,29,2922,292217
292217020,292217,4,－ エチルジエタノールアミン,29,2922,292217
292218000,292218,4,"2-（N,N-ジイソプロピルアミノ）エタノール",29,2922,292218
292219,2922,3,その他のもの,29,2922,292219
292219020,292219,4,1 アミノアルコール,29,2922,292219
292219091,292219,4,－ トリエタノールアミンの塩,29,2922,292219
292219099,292219,4,－ その他のもの,29,2922,292219
292221000,292221,4,アミノヒドロキシナフタレンスルホン酸及びその塩,29,2922,292221
292229000,292229,4,その他のもの,29,2922,292229
292231000,292231,4,アンフェプラモン（INN）、メサドン（INN）及びノルメサドン（INN）並びにこれらの塩,29,2922,292231
292239000,292239,4,その他のもの,29,2922,292239
292241000,292241,4,リジン及びそのエステル並びにこれらの塩,29,2922,292241
292242,2922,3,グルタミン酸及びその塩,29,2922,292242
292242100,292242,4,1 グルタミン酸ソーダ,29,2922,292242
292242200,292242,4,2 その他のもの,29,2922,292242
292243000,292243,4,アントラニル酸及びその塩,29,2922,292243
292244000,292244,4,チリジン（INN）及びその塩,29,2922,292244
292249000,292249,4,その他のもの,29,2922,292249
292250000,292250,4,アミノアルコールフェノール、アミノ酸フェノール及び酸素官能基を有するその他のアミノ化合物,29,2922,292250
2923,29,2,第四級アンモニウム塩、水酸化第四級アンモニウム及びレシチンその他のホスホアミノリピド（レシチンその他のホスホアミノリピドについては、化学的に単一であるかないかを問わない。）,29,2923,
292310000,292310,4,コリン及びその塩,29,2923,292310
292320000,292320,4,レシチンその他のホスホアミノリピド,29,2923,292320
292330000,292330,4,ペルフルオロオクタンスルホン酸テトラエチルアンモニウム,29,2923,292330
292340000,292340,4,ペルフルオロオクタンスルホン酸ジデシルジメチルアンモニウム,29,2923,292340
292390,2923,3,その他のもの,29,2923,292390
292390100,292390,4,1 水酸化トリメチルアダマンチルアンモニウム（ADAH）及び水酸化テトラエチルアンモニウム（TEAH）,29,2923,292390
292390200,292390,4,2 シクロヘキシル（エチル）（ジメチル）アンモニウム＝ブロミド及びシクロヘキシル（エチル）（ジメチル）アンモニウム＝ヒドロキシド,29,2923,292390
292390900,292390,4,3 その他のもの,29,2923,292390
2924,29,2,カルボキシアミド官能化合物及び炭酸のアミド官能化合物,29,2924,
292411000,292411,4,メプロバメート（INN）（※）,29,2924,292411
292412000,292412,4,フルオロアセトアミド（ISO）、モノクロトホス（ISO）及びホスファミドン（ISO）,29,2924,292412
292419,2924,3,その他のもの,29,2924,292419
292419020,292419,4,1 2-アクリルアミド-2-メチルプロパンスルホン酸及びオキサミド,29,2924,292419
292419029,292419,4,2 その他のもの,29,2924,292419
292421000,292421,4,ウレイン及びその誘導体並びにこれらの塩,29,2924,292421
292423000,292423,4,2-アセトアミド安息香酸（N-アセチルアントラニル酸）及びその塩,29,2924,292423
292424000,292424,4,エチナメート（INN）（※）,29,2924,292424
292425000,292425,4,アラクロール（ISO）,29,2924,292425
292429,2924,3,その他のもの,29,2924,292429
292429010,292429,4,－ アスパルテーム（アスパルタム（INN））,29,2924,292429
292429090,292429,4,－ その他のもの,29,2924,292429
2925,29,2,カルボキシイミド官能化合物（サッカリン及びその塩を含む。）及びイミン官能化合物,29,2925,
292511000,292511,4,サッカリン及びその塩,29,2925,292511
292512000,292512,4,グルテチミド（INN）,29,2925,292512
292519000,292519,4,その他のもの,29,2925,292519
292521000,292521,4,クロルジメホルム（ISO）,29,2925,292521
292529,2925,3,その他のもの,29,2925,292529
292529100,292529,4,1 クロルヘキシジン及びその塩,29,2925,292529
292529900,292529,4,2 その他のもの,29,2925,292529
2926,29,2,ニトリル官能化合物,29,2926,
292610000,292610,4,アクリロニトリル,29,2926,292610
292620000,292620,4,1-シアノグアニジン（ジシアンジアミド）,29,2926,292620
292630000,292630,4,"フェンプロポレクス（INN）及びその塩並びにメサドン（INN）中間体（4-シアノ-2-ジメチルアミノ-4,4-ジフェニルブタン）",29,2926,292630
292640000,292640,4,アルファ-フェニルアセトアセトニトリル,29,2926,292640
292690000,292690,4,その他のもの,29,2926,292690
2927,29,2,,29,2927,
292700000,292700,4,ジアゾ化合物、アゾ化合物及びアゾキシ化合物,29,2927,292700
2928,29,2,,29,2928,
292800000,292800,4,ヒドラジン又はヒドロキシルアミンの有機誘導体,29,2928,292800
2929,29,2,その他の窒素官能基を有する化合物,29,2929,
292910,2929,3,イソシアナート,29,2929,292910
292910020,292910,4,－ ジフェニルメタンジイソシアナート,29,2929,292910
292910010,292910,4,－ トルエンジイソシアナート（トリレンジイソシアナート）,29,2929,292910
292910090,292910,4,－ その他のもの,29,2929,292910
292990000,292990,4,その他のもの,29,2929,292990
2930,29,2,有機硫黄化合物,29,2930,
293010000,293010,4,"2-（N,N-ジメチルアミノ）エタンチオール",29,2930,293010
293020000,293020,4,チオカルバマート及びジチオカルバマート,29,2930,293020
293030000,293030,4,チウラムモノスルフィド、チウラムジスルフィド及びチウラムテトラスルフィド,29,2930,293030
293040000,293040,4,メチオニン,29,2930,293040
293060000,293060,4,"2-（N,N-ジエチルアミノ）エタンチオール",29,2930,293060
293070000,293070,4,ビス（2-ヒドロキシエチル）スルフィド（チオジグリコール（INN））,29,2930,293070
293080000,293080,4,アルジカルブ（ISO）、カプタホール（ISO）及びメタミドホス（ISO）,29,2930,293080
293090,2930,3,その他のもの,29,2930,293090
293090100,293090,4,1 ジチオカルボナート（キサントゲン酸塩）,29,2930,293090
293090910,293090,4,－ ホレート（ISO）,29,2930,293090
293090990,293090,4,－ その他のもの,29,2930,293090
2931,29,2,その他のオルガノインオルガニック化合物,29,2931,
293110000,293110,4,テトラメチル鉛及びテトラエチル鉛,29,2931,293110
293120000,293120,4,トリブチルすず化合物,29,2931,293120
293141000,293141,4,メチルホスホン酸ジメチル,29,2931,293141
293142000,293142,4,プロピルホスホン酸ジメチル,29,2931,293142
293143000,293143,4,エチルホスホン酸ジエチル,29,2931,293143
293144000,293144,4,メチルホスホン酸,29,2931,293144
293145000,293145,4,メチルホスホン酸と（アミノイミノメチル）尿素との1:1の割合の塩,29,2931,293145
293146000,293146,4,"2,4,6-トリプロピル-1,3,5,2,4,6-トリオキサトリホスホン酸2,4,6-トリオキシド",29,2931,293146
293147000,293147,4,"（5-エチル-2-メチル-2-オキシド-1,3,2-ジオキサホスフィナン-5-イル）メチルメチルメチルホスホネート",29,2931,293147
293148000,293148,4,"3,9-ジメチル-2,4,8,10-テトラオキサ-3,9-ジホスファスピロ［5,5］ウンデカン3,9-ジオキシド",29,2931,293148
293149,2931,3,その他のもの,29,2931,293149
293149010,293149,4,－ メチルホスホン酸3-（トリヒドロキシシリル）プロピルナトリウム,29,2931,293149
293149020,293149,4,"－ ビス［（5-エチル-2-メチル-2-オキシド-1,3,2-ジオキサホスフィナン-5-イル）メチル］メチルホスホネート",29,2931,293149
293149090,293149,4,－ その他のもの,29,2931,293149
293151000,293151,4,メチルホスホン酸ジクロリド,29,2931,293151
293152000,293152,4,プロピルホスホン酸ジクロリド,29,2931,293152
293153000,293153,4,O-（3-クロロプロピル）O-［4-ニトロ-3-（トリフルオロメチル）フェニル］メチルホスホノチオネート,29,2931,293153
293154000,293154,4,トリクロロフォン（ISO）,29,2931,293154
293159000,293159,4,その他のもの,29,2931,293159
293190000,293190,4,その他のもの,29,2931,293190
2932,29,2,複素環式化合物（ヘテロ原子として酸素のみを有するものに限る。）,29,2932,
293211000,293211,4,テトラヒドロフラン,29,2932,293211
293212000,293212,4,2-フルアルデヒド（フルフラール）,29,2932,293212
293213000,293213,4,フルフリルアルコール及びテトラヒドロフルフリルアルコール,29,2932,293213
293214000,293214,4,スクラロース,29,2932,293214
293219000,293219,4,その他のもの,29,2932,293219
293220,2932,3,ラクトン,29,2932,293220
293220010,293220,4,1 クマリン、メチルクマリン及びエチルクマリン,29,2932,293220
293220020,293220,4,2 サントニン,29,2932,293220
293220030,293220,4,3 クリスタルバイオレットラクトン,29,2932,293220
293220090,293220,4,4 その他のもの,29,2932,293220
293291000,293291,4,イソサフロール,29,2932,293291
293292000,293292,4,"1-（1,3-ベンゾジオキソール-5-イル）プロパン-2-オン",29,2932,293292
293293000,293293,4,ピペロナール,29,2932,293293
293294000,293294,4,サフロール,29,2932,293294
293295000,293295,4,テトラヒドロカンナビノール（全ての異性体を含む。）,29,2932,293295
293296000,293296,4,カルボフラン（ISO）,29,2932,293296
293299000,293299,4,その他のもの,29,2932,293299
2933,29,2,複素環式化合物（ヘテロ原子として窒素のみを有するものに限る。）,29,2933,
293311000,293311,4,フェナゾン（アンチピリン）及びその誘導体,29,2933,293311
293319000,293319,4,その他のもの,29,2933,293319
293321,2933,3,ヒダントイン及びその誘導体,29,2933,293321
293321100,293321,4,－ 3-ブロモ-1-クロロ-5-ジメチルヒダントイン,29,2933,293321
293321900,293321,4,－ その他のもの,29,2933,293321
293329000,293329,4,その他のもの,29,2933,293329
293331000,293331,4,ピリジン及びその塩,29,2933,293331
293332000,293332,4,ピペリジン及びその塩,29,2933,293332
293333000,293333,4,アルフェンタニル（INN）、アニレリジン（INN）、ベジトラミド（INN）、ブロマゼパム（INN）、カーフェンタニル（INN）、ジフェノキシン（INN）、ジフェノキシレート（INN）、ジピパノン（INN）、フェンタニル（INN）、ケトベミドン（INN）、メチルフェニデート（INN）、ペンタゾシン（INN）、ペチジン（INN）、ペチジン（INN）中間体A、フェンシクリジン（INN）（PCP）、フェノペリジン（INN）、ピプラドロール（INN）、ピリトラミド（INN）、プロピラム（INN）、レミフェンタニル（INN）及びトリメペリジン（INN）並びにこれらの塩,29,2933,293333
293334000,293334,4,その他のフェンタニル及びその誘導体,29,2933,293334
293335000,293335,4,3-キヌクリジノール,29,2933,293335
293336000,293336,4,4-アニリノ-N-フェネチルピペリジン（ANPP）,29,2933,293336
293337000,293337,4,N-フェネチル-4-ピペリドン（NPP）,29,2933,293337
293339,2933,3,その他のもの,29,2933,293339
293339110,293339,4,"1 ピコリン及びO,O-ジエチル-O-（3,5,6-トリクロロ-2-ピリジル）ホスホロチオエート（クロルピリホス）",29,2933,293339
293339120,293339,4,"2 1,1,3,5-テトラメチルピぺリジン-1-イウム=ヒドロキシド",29,2933,293339
293339220,293339,4,3 その他のもの,29,2933,293339
293341000,293341,4,レボルファノール（INN）及びその塩,29,2933,293341
293349,2933,3,その他のもの,29,2933,293349
293349100,293349,4,1 デキストロ-3-ヒドロキシ-N-メチルモルヒナン及び臭化水素酸デキストロ-3-メトキシ-N-メチルモルヒナン,29,2933,293349
293349900,293349,4,2 その他のもの,29,2933,293349
293352000,293352,4,マロニル尿素（バルビツル酸）及びその塩,29,2933,293352
293353000,293353,4,アロバルビタール（INN）、アモバルビタール（INN）、バルビタール（INN）、ブタルビタール（INN）、ブトバルビタール、シクロバルビタール（INN）、メチルフェノバルビタール（INN）、ペントバルビタール（INN）、フェノバルビタール（INN）、セクブタバルビタール（INN）、セコバルビタール（INN）及びビニルビタール（INN）並びにこれらの塩,29,2933,293353
293354000,293354,4,その他のマロニル尿素（バルビツル酸）の誘導体及びその塩,29,2933,293354
293355000,293355,4,ロプラゾラム（INN）、メクロカロン（INN）、メタカロン（INN）及びジペプロール（INN）並びにこれらの塩,29,2933,293355
293359,2933,3,その他のもの,29,2933,293359
293359100,293359,4,"1 1,3-ジメチル-2,6-ジオキソ-4-アミノ-5-ホルミルアミノピリミジン",29,2933,293359
293359300,293359,4,"2 1,4-ジアザビシクロ［2,2,2］オクタン（トリエチレンジアミン）",29,2933,293359
293359400,293359,4,3 その他のもの,29,2933,293359
293361000,293361,4,メラミン,29,2933,293361
293369000,293369,4,その他のもの,29,2933,293369
293371000,293371,4,6-ヘキサンラクタム（イプシロン-カプロラクタム）,29,2933,293371
293372000,293372,4,クロバザム（INN）及びメチプリロン（INN）（※）,29,2933,293372
293379000,293379,4,その他のラクタム,29,2933,293379
293391000,293391,4,アルプラゾラム（INN）、カマゼパム（INN）、クロルジアゼポキシド（INN）、クロナゼパム（INN）、クロラゼペート、デロラゼパム（INN）、ジアゼパム（INN）、エスタゾラム（INN）、ロフラゼプ酸エチル（INN）、フルジアゼパム（INN）、フルニトラゼパム（INN）、フルラゼパム（INN）、ハラゼパム（INN）、ロラゼパム（INN）、ロルメタゼパム（INN）、マジンドール（INN）、メダゼパム（INN）、ミダゾラム（INN）、ニメタゼパム（INN）、ニトラゼパム（INN）、ノルダゼパム（INN）、オキサゼパム（INN）、ピナゼパム（INN）、プラゼパム（INN）、ピロバレロン（INN）、テマゼパム（INN）、テトラゼパム（INN）及びトリアゾラム（INN）並びにこれらの塩,29,2933,293391
293392000,293392,4,アジンホスメチル（ISO）,29,2933,293392
293399,2933,3,その他のもの,29,2933,293399
293399010,293399,4,1 塩酸ヒドララジン,29,2933,293399
293399090,293399,4,2 その他のもの,29,2933,293399
2934,29,2,核酸及びその塩（化学的に単一であるかないかを問わない。）並びにその他の複素環式化合物,29,2934,
293410000,293410,4,非縮合チアゾール環（水素添加してあるかないかを問わない。）を有する化合物,29,2934,293410
293420000,293420,4,ベンゾチアゾール環（水素添加してあるかないかを問わないものとし、更に縮合したものを除く。）を有する化合物,29,2934,293420
293430000,293430,4,フェノチアジン環（水素添加してあるかないかを問わないものとし、更に縮合したものを除く。）を有する化合物,29,2934,293430
293491000,293491,4,アミノレクス（INN）、ブロチゾラム（INN）、クロチアゼパム（INN）、クロキサゾラム（INN）、デキストロモラミド（INN）、ハロキサゾラム（INN）、ケタゾラム（INN）、メソカルブ（INN）、オキサゾラム（INN）、ペモリン（INN）、フェンジメトラジン（INN）、フェンメトラジン（INN）及びスフェンタニル（INN）並びにこれらの塩,29,2934,293491
293492000,293492,4,その他のフェンタニル及びその誘導体,29,2934,293492
293499,2934,3,その他のもの,29,2934,293499
293499010,293499,4,1 スルトン及びスルタム,29,2934,293499
293499091,293499,4,－ アセスルファムカリウム（INN),29,2934,293499
293499092,293499,4,－ リチウム＝ビス（オキサラト）ボラート,29,2934,293499
293499099,293499,4,－ その他のもの,29,2934,293499
2935,29,2,スルホンアミド,29,2935,
293510000,293510,4,N-メチルペルフルオロオクタンスルホンアミド,29,2935,293510
293520000,293520,4,N-エチルペルフルオロオクタンスルホンアミド,29,2935,293520
293530000,293530,4,N-エチル-N-（2-ヒドロキシエチル）ペルフルオロオクタンスルホンアミド,29,2935,293530
293540000,293540,4,N-（2-ヒドロキシエチル）-N-メチルペルフルオロオクタンスルホンアミド,29,2935,293540
293550000,293550,4,その他のペルフルオロオクタンスルホンアミド,29,2935,293550
293590000,293590,4,その他のもの,29,2935,293590
2936,29,2,プロビタミン及びビタミン（天然のもの及びこれと同一の構造を有する合成のもの（天然のものを濃縮したものを含む。）に限る。）並びにこれらの誘導体で主としてビタミンとして使用するもの並びにこれらの相互の混合物（この項の物品については、溶媒に溶かしてあるかないかを問わない。）,29,2936,
293621000,293621,4,ビタミンA及びその誘導体,29,2936,293621
293622000,293622,4,ビタミンB1及びその誘導体,29,2936,293622
293623000,293623,4,ビタミンB2及びその誘導体,29,2936,293623
293624000,293624,4,D-パントテン酸及びDL-パントテン酸（ビタミンB5）並びにこれらの誘導体,29,2936,293624
293625000,293625,4,ビタミンB6及びその誘導体,29,2936,293625
293626000,293626,4,ビタミンB12及びその誘導体,29,2936,293626
293627000,293627,4,ビタミンC及びその誘導体,29,2936,293627
293628000,293628,4,ビタミンE及びその誘導体,29,2936,293628
293629000,293629,4,その他のビタミン及びその誘導体,29,2936,293629
293690000,293690,4,その他のもの（天然のものを濃縮したものを含む。）,29,2936,293690
2937,29,2,ホルモン、プロスタグランジン、トロンボキサン及びロイコトリエン（天然のもの及びこれと同一の構造を有する合成のものに限る。）並びにこれらの誘導体及び構造類似物（主としてホルモンとして使用するもので、変性ポリペプチドを含む。）,29,2937,
293711000,293711,4,ソマトトロピン並びにその誘導体及び構造類似物,29,2937,293711
293712000,293712,4,インスリン及びその塩,29,2937,293712
293719000,293719,4,その他のもの,29,2937,293719
293721000,293721,4,コルチゾン、ヒドロコルチゾン、プレドニゾン（デヒドロコルチゾン）及びプレドニゾロン（デヒドロヒドロコルチゾン）,29,2937,293721
293722000,293722,4,コルチコステロイドホルモンのハロゲン化誘導体,29,2937,293722
293723000,293723,4,エストロゲン及びプロゲストゲン,29,2937,293723
293729000,293729,4,その他のもの,29,2937,293729
293750000,293750,4,プロスタグランジン、トロンボキサン及びロイコトリエン並びにこれらの誘導体及び構造類似物,29,2937,293750
293790000,293790,4,その他のもの,29,2937,293790
2938,29,2,グリコシド（天然のもの及びこれと同一の構造を有する合成のものに限る。）及びその塩、エーテル、エステルその他の誘導体,29,2938,
293810000,293810,4,ルトシド（ルチン）及びその誘導体,29,2938,293810
293890000,293890,4,その他のもの,29,2938,293890
2939,29,2,アルカロイド（天然のもの及びこれと同一の構造を有する合成のものに限る。）及びその塩、エーテル、エステルその他の誘導体,29,2939,
293911000,293911,4,けしがら濃縮物並びにブプレノルフィン（INN）、コデイン、ジヒドロコデイン（INN）、エチルモルヒネ、エトルフィン（INN）、ヘロイン、ヒドロコドン（INN）、ヒドロモルホン（INN）、モルヒネ、ニコモルヒネ（INN）、オキシコドン（INN）、オキシモルホン（INN）、フォルコジン（INN）、テバコン（INN）及びテバイン並びにこれらの塩,29,2939,293911
293919000,293919,4,その他のもの,29,2939,293919
293920000,293920,4,キナアルカロイド及びその誘導体並びにこれらの塩,29,2939,293920
293930000,293930,4,カフェイン及びその塩,29,2939,293930
293941000,293941,4,エフェドリン及びその塩,29,2939,293941
293942000,293942,4,プソイドエフェドリン（INN）及びその塩,29,2939,293942
293943000,293943,4,カチン（INN）及びその塩,29,2939,293943
293944000,293944,4,ノルエフェドリン及びその塩,29,2939,293944
293945000,293945,4,レボメタンフェタミン、メタンフェタミン（INN）及びメタンフェタミンラセメート並びにこれらの塩,29,2939,293945
293949,2939,3,その他のもの,29,2939,293949
293949010,293949,4,－ レボメタンフェタミン、メタンフェタミン（INN）及びメタンフェタミンラセメートのエステル及び誘導体,29,2939,293949
293949090,293949,4,－ その他のもの,29,2939,293949
293951000,293951,4,フェネチリン（INN）及びその塩,29,2939,293951
293959000,293959,4,その他のもの,29,2939,293959
293961000,293961,4,エルゴメトリン（INN）及びその塩,29,2939,293961
293962000,293962,4,エルゴタミン（INN）及びその塩,29,2939,293962
293963000,293963,4,リゼルギン酸及びその塩,29,2939,293963
293969000,293969,4,その他のもの,29,2939,293969
293972000,293972,4,コカイン及びエクゴニン並びにこれらの塩、エステル及びその他の誘導体,29,2939,293972
293979000,293979,4,その他のもの,29,2939,293979
293980000,293980,4,その他のもの,29,2939,293980
2940,29,2,,29,2940,
294000,2940,3,糖類（化学的に純粋なものに限るものとし、しよ糖、乳糖、麦芽糖、ぶどう糖及び果糖を除く。）並びに糖エーテル、糖アセタール、糖エステル、糖エーテルの塩、糖アセタールの塩及び糖エステルの塩（第29.37項から第29.39項までの物品を除く。）,29,2940,294000
294000010,294000,4,1 糖エーテル及び糖エステル並びにこれらの塩,29,2940,294000
294000090,294000,4,2 その他のもの,29,2940,294000
2941,29,2,抗生物質,29,2941,
294110000,294110,4,ペニシリン及びその誘導体（ペニシラン酸構造を有するものに限る。）並びにこれらの塩,29,2941,294110
294120000,294120,4,ストレプトマイシン及びその誘導体並びにこれらの塩,29,2941,294120
294130000,294130,4,テトラサイクリン及びその誘導体並びにこれらの塩,29,2941,294130
294140000,294140,4,クロラムフェニコール及びその誘導体並びにこれらの塩,29,2941,294140
294150000,294150,4,エリスロマイシン及びその誘導体並びにこれらの塩,29,2941,294150
294190000,294190,4,その他のもの,29,2941,294190
2942,29,2,,29,2942,
294200000,294200,4,その他の有機化合物,29,2942,294200
